,Ex-Ante Risk,,,,0,,,Ex-Ante Risk
1/3/2020,34.3%,,,1/3/2020,,,1/3/2020,10.0%
1/6/2020,34.3%,,,1/6/2020,,,1/6/2020,10.0%
1/7/2020,34.3%,,,1/7/2020,,,1/7/2020,10.0%
1/8/2020,34.3%,,,1/8/2020,,,1/8/2020,10.1%
1/9/2020,34.3%,,,1/9/2020,,,1/9/2020,10.1%
1/10/2020,34.3%,,,1/10/2020,,,1/10/2020,10.1%
1/13/2020,34.3%,,,1/13/2020,,,1/13/2020,10.1%
1/14/2020,34.3%,,,1/14/2020,,,1/14/2020,10.1%
1/15/2020,34.3%,,,1/15/2020,,,1/15/2020,10.1%
1/16/2020,34.3%,,,1/16/2020,,,1/16/2020,10.1%
1/17/2020,34.3%,,,1/17/2020,,,1/17/2020,10.0%
1/21/2020,34.3%,,,1/21/2020,,,1/21/2020,10.0%
1/22/2020,34.3%,,,1/22/2020,,,1/22/2020,10.0%
1/23/2020,34.3%,,,1/23/2020,,,1/23/2020,10.0%
1/24/2020,34.4%,,,1/24/2020,,,1/24/2020,10.0%
1/27/2020,34.4%,,,1/27/2020,,,1/27/2020,10.0%
1/28/2020,34.5%,,,1/28/2020,,,1/28/2020,10.0%
1/29/2020,34.5%,,,1/29/2020,,,1/29/2020,10.0%
1/30/2020,34.5%,,,1/30/2020,,,1/30/2020,10.0%
1/31/2020,34.5%,,,1/31/2020,,,1/31/2020,10.0%
2/3/2020,34.5%,,,2/3/2020,,,2/3/2020,10.0%
2/4/2020,34.6%,,,2/4/2020,,,2/4/2020,10.0%
2/5/2020,34.6%,,,2/5/2020,,,2/5/2020,10.0%
2/6/2020,34.6%,,,2/6/2020,,,2/6/2020,10.0%
2/7/2020,34.6%,,,2/7/2020,,,2/7/2020,10.0%
2/10/2020,34.7%,,,2/10/2020,,,2/10/2020,10.0%
2/11/2020,34.7%,,,2/11/2020,,,2/11/2020,10.1%
2/12/2020,34.7%,,,2/12/2020,,,2/12/2020,10.0%
2/13/2020,34.7%,,,2/13/2020,,,2/13/2020,10.1%
2/14/2020,34.7%,,,2/14/2020,,,2/14/2020,10.0%
2/18/2020,33.2%,,,2/18/2020,,,2/18/2020,10.0%
2/19/2020,27.8%,,,2/19/2020,,,2/19/2020,10.1%
2/20/2020,25.7%,,,2/20/2020,,,2/20/2020,10.1%
2/21/2020,17.4%,,,2/21/2020,,,2/21/2020,10.1%
2/24/2020,14.4%,,,2/24/2020,,,2/24/2020,10.1%
2/25/2020,16.2%,,,2/25/2020,,,2/25/2020,10.1%
2/26/2020,14.5%,,,2/26/2020,,,2/26/2020,10.1%
2/27/2020,15.0%,,,2/27/2020,,,2/27/2020,10.1%
2/28/2020,22.1%,,,2/28/2020,,,2/28/2020,10.0%
3/2/2020,15.1%,,,3/2/2020,,,3/2/2020,10.0%
3/3/2020,17.9%,,,3/3/2020,,,3/3/2020,10.0%
3/4/2020,15.2%,,,3/4/2020,,,3/4/2020,10.0%
3/5/2020,15.2%,,,3/5/2020,,,3/5/2020,10.0%
3/6/2020,15.3%,,,3/6/2020,,,3/6/2020,10.0%
3/9/2020,20.4%,,,3/9/2020,,,3/9/2020,10.0%
3/10/2020,15.7%,,,3/10/2020,,,3/10/2020,10.0%
3/11/2020,18.1%,,,3/11/2020,,,3/11/2020,10.0%
3/12/2020,18.9%,,,3/12/2020,,,3/12/2020,10.0%
3/13/2020,17.6%,,,3/13/2020,,,3/13/2020,10.1%
3/16/2020,30.6%,,,3/16/2020,,,3/16/2020,9.9%
3/17/2020,20.6%,,,3/17/2020,,,3/17/2020,9.9%
3/18/2020,19.5%,,,3/18/2020,,,3/18/2020,9.9%
3/19/2020,19.5%,,,3/19/2020,,,3/19/2020,9.9%
3/20/2020,19.7%,,,3/20/2020,,,3/20/2020,10.0%
3/23/2020,24.5%,,,3/23/2020,,,3/23/2020,10.0%
3/24/2020,27.5%,,,3/24/2020,,,3/24/2020,10.0%
3/25/2020,22.3%,,,3/25/2020,,,3/25/2020,10.0%
3/26/2020,25.3%,,,3/26/2020,,,3/26/2020,10.0%
3/27/2020,19.3%,,,3/27/2020,,,3/27/2020,10.0%
3/30/2020,19.6%,,,3/30/2020,,,3/30/2020,10.0%
3/31/2020,30.2%,,,3/31/2020,,,3/31/2020,10.0%
4/1/2020,33.8%,,,4/1/2020,,,4/1/2020,10.0%
4/2/2020,32.8%,,,4/2/2020,,,4/2/2020,10.0%
4/3/2020,31.6%,,,4/3/2020,,,4/3/2020,10.0%
4/6/2020,28.9%,,,4/6/2020,,,4/6/2020,10.0%
4/7/2020,23.9%,,,4/7/2020,,,4/7/2020,10.0%
4/8/2020,36.3%,,,4/8/2020,,,4/8/2020,10.0%
4/9/2020,36.8%,,,4/9/2020,,,4/9/2020,10.0%
4/13/2020,37.0%,,,4/13/2020,,,4/13/2020,10.0%
4/14/2020,37.0%,,,4/14/2020,,,4/14/2020,10.0%
4/15/2020,37.0%,,,4/15/2020,,,4/15/2020,10.0%
4/16/2020,36.0%,,,4/16/2020,,,4/16/2020,10.0%
4/17/2020,37.0%,,,4/17/2020,,,4/17/2020,10.0%
4/20/2020,37.0%,,,4/20/2020,,,4/20/2020,10.0%
4/21/2020,37.0%,,,4/21/2020,,,4/21/2020,10.0%
4/22/2020,37.2%,,,4/22/2020,,,4/22/2020,10.0%
4/23/2020,37.2%,,,4/23/2020,,,4/23/2020,10.0%
4/24/2020,37.1%,,,4/24/2020,,,4/24/2020,10.0%
4/27/2020,37.1%,,,4/27/2020,,,4/27/2020,10.0%
4/28/2020,37.1%,,,4/28/2020,,,4/28/2020,10.0%
4/29/2020,37.1%,,,4/29/2020,,,4/29/2020,10.0%
4/30/2020,37.2%,,,4/30/2020,,,4/30/2020,10.0%
5/1/2020,37.2%,,,5/1/2020,,,5/1/2020,10.0%
5/4/2020,37.3%,,,5/4/2020,,,5/4/2020,10.0%
5/5/2020,37.3%,,,5/5/2020,,,5/5/2020,10.0%
5/6/2020,37.3%,,,5/6/2020,,,5/6/2020,10.0%
5/7/2020,37.4%,,,5/7/2020,,,5/7/2020,10.0%
5/8/2020,37.4%,,,5/8/2020,,,5/8/2020,10.0%
5/11/2020,36.1%,,,5/11/2020,,,5/11/2020,10.0%
5/12/2020,37.4%,,,5/12/2020,,,5/12/2020,10.0%
5/13/2020,37.4%,,,5/13/2020,,,5/13/2020,10.0%
5/14/2020,37.4%,,,5/14/2020,,,5/14/2020,10.0%
5/15/2020,37.5%,,,5/15/2020,,,5/15/2020,10.0%
5/18/2020,37.5%,,,5/18/2020,,,5/18/2020,10.0%
5/19/2020,37.5%,,,5/19/2020,,,5/19/2020,10.0%
5/20/2020,37.5%,,,5/20/2020,,,5/20/2020,10.0%
5/21/2020,36.6%,,,5/21/2020,,,5/21/2020,10.0%
5/22/2020,33.1%,,,5/22/2020,,,5/22/2020,10.0%
5/26/2020,31.9%,,,5/26/2020,,,5/26/2020,10.0%
5/27/2020,31.8%,,,5/27/2020,,,5/27/2020,10.0%
5/28/2020,30.8%,,,5/28/2020,,,5/28/2020,10.0%
5/29/2020,30.8%,,,5/29/2020,,,5/29/2020,10.0%
6/1/2020,40.3%,,,6/1/2020,,,6/1/2020,10.0%
6/2/2020,39.8%,,,6/2/2020,,,6/2/2020,10.0%
6/3/2020,36.3%,,,6/3/2020,,,6/3/2020,10.0%
6/4/2020,41.8%,,,6/4/2020,,,6/4/2020,10.0%
6/5/2020,38.5%,,,6/5/2020,,,6/5/2020,10.0%
6/8/2020,35.1%,,,6/8/2020,,,6/8/2020,10.0%
6/9/2020,33.8%,,,6/9/2020,,,6/9/2020,10.0%
6/10/2020,32.4%,,,6/10/2020,,,6/10/2020,10.0%
6/11/2020,33.9%,,,6/11/2020,,,6/11/2020,10.0%
6/12/2020,34.8%,,,6/12/2020,,,6/12/2020,10.0%
6/15/2020,39.8%,,,6/15/2020,,,6/15/2020,10.0%
6/16/2020,37.6%,,,6/16/2020,,,6/16/2020,10.0%
6/17/2020,40.2%,,,6/17/2020,,,6/17/2020,10.0%
6/18/2020,39.2%,,,6/18/2020,,,6/18/2020,10.0%
6/19/2020,38.6%,,,6/19/2020,,,6/19/2020,10.0%
6/22/2020,42.9%,,,6/22/2020,,,6/22/2020,10.0%
6/23/2020,42.0%,,,6/23/2020,,,6/23/2020,10.0%
6/24/2020,42.0%,,,6/24/2020,,,6/24/2020,10.0%
6/25/2020,35.1%,,,6/25/2020,,,6/25/2020,10.0%
6/26/2020,36.5%,,,6/26/2020,,,6/26/2020,10.0%
6/29/2020,32.4%,,,6/29/2020,,,6/29/2020,10.0%
6/30/2020,36.7%,,,6/30/2020,,,6/30/2020,10.0%
7/1/2020,38.0%,,,7/1/2020,,,7/1/2020,10.0%
7/2/2020,40.4%,,,7/2/2020,,,7/2/2020,10.0%
7/6/2020,38.1%,,,7/6/2020,,,7/6/2020,10.0%
7/7/2020,37.4%,,,7/7/2020,,,7/7/2020,10.0%
7/8/2020,39.7%,,,7/8/2020,,,7/8/2020,10.0%
7/9/2020,41.4%,,,7/9/2020,,,7/9/2020,10.0%
7/10/2020,40.4%,,,7/10/2020,,,7/10/2020,10.0%
7/13/2020,37.3%,,,7/13/2020,,,7/13/2020,10.0%
7/14/2020,37.8%,,,7/14/2020,,,7/14/2020,10.0%
7/15/2020,43.2%,,,7/15/2020,,,7/15/2020,10.0%
7/16/2020,44.4%,,,7/16/2020,,,7/16/2020,10.0%
7/17/2020,49.0%,,,7/17/2020,,,7/17/2020,10.0%
7/20/2020,43.7%,,,7/20/2020,,,7/20/2020,10.0%
7/21/2020,39.6%,,,7/21/2020,,,7/21/2020,10.0%
7/22/2020,36.1%,,,7/22/2020,,,7/22/2020,10.0%
7/23/2020,33.0%,,,7/23/2020,,,7/23/2020,10.0%
7/24/2020,31.5%,,,7/24/2020,,,7/24/2020,10.0%
7/27/2020,31.7%,,,7/27/2020,,,7/27/2020,10.0%
7/28/2020,33.8%,,,7/28/2020,,,7/28/2020,10.0%
7/29/2020,35.4%,,,7/29/2020,,,7/29/2020,10.0%
7/30/2020,41.6%,,,7/30/2020,,,7/30/2020,10.0%
7/31/2020,49.0%,,,7/31/2020,,,7/31/2020,10.0%
8/3/2020,49.7%,,,8/3/2020,,,8/3/2020,10.0%
8/4/2020,49.7%,,,8/4/2020,,,8/4/2020,10.0%
8/5/2020,49.7%,,,8/5/2020,,,8/5/2020,10.0%
8/6/2020,49.7%,,,8/6/2020,,,8/6/2020,10.0%
8/7/2020,49.8%,,,8/7/2020,,,8/7/2020,10.0%
8/10/2020,49.8%,,,8/10/2020,,,8/10/2020,10.0%
8/11/2020,49.7%,,,8/11/2020,,,8/11/2020,10.0%
8/12/2020,49.8%,,,8/12/2020,,,8/12/2020,10.0%
8/13/2020,49.8%,,,8/13/2020,,,8/13/2020,10.0%
8/14/2020,49.8%,,,8/14/2020,,,8/14/2020,10.0%
8/17/2020,49.8%,,,8/17/2020,,,8/17/2020,10.0%
8/18/2020,49.8%,,,8/18/2020,,,8/18/2020,10.0%
8/19/2020,49.8%,,,8/19/2020,,,8/19/2020,10.0%
8/20/2020,49.8%,,,8/20/2020,,,8/20/2020,10.0%
8/21/2020,49.8%,,,8/21/2020,,,8/21/2020,10.0%
8/24/2020,49.8%,,,8/24/2020,,,8/24/2020,10.0%
8/25/2020,49.8%,,,8/25/2020,,,8/25/2020,10.0%
8/26/2020,49.8%,,,8/26/2020,,,8/26/2020,10.0%
8/27/2020,49.8%,,,8/27/2020,,,8/27/2020,10.0%
8/28/2020,49.8%,,,8/28/2020,,,8/28/2020,10.0%
8/31/2020,49.8%,,,8/31/2020,,,8/31/2020,10.0%
9/1/2020,49.8%,,,9/1/2020,,,9/1/2020,10.0%
9/2/2020,49.9%,,,9/2/2020,,,9/2/2020,10.0%
9/3/2020,50.2%,,,9/3/2020,,,9/3/2020,10.0%
9/4/2020,50.2%,,,9/4/2020,,,9/4/2020,10.0%
9/8/2020,50.5%,,,9/8/2020,,,9/8/2020,10.0%
9/9/2020,47.8%,,,9/9/2020,,,9/9/2020,10.0%
9/10/2020,44.8%,,,9/10/2020,,,9/10/2020,10.0%
9/11/2020,42.5%,,,9/11/2020,,,9/11/2020,10.0%
9/14/2020,49.8%,,,9/14/2020,,,9/14/2020,10.0%
9/15/2020,48.1%,,,9/15/2020,,,9/15/2020,10.0%
9/16/2020,44.6%,,,9/16/2020,,,9/16/2020,10.0%
9/17/2020,45.3%,,,9/17/2020,,,9/17/2020,10.0%
9/18/2020,50.8%,,,9/18/2020,,,9/18/2020,10.0%
9/21/2020,50.8%,,,9/21/2020,,,9/21/2020,10.0%
9/22/2020,50.9%,,,9/22/2020,,,9/22/2020,10.0%
9/23/2020,51.0%,,,9/23/2020,,,9/23/2020,10.0%
9/24/2020,51.0%,,,9/24/2020,,,9/24/2020,10.0%
9/25/2020,51.1%,,,9/25/2020,,,9/25/2020,10.0%
9/28/2020,46.6%,,,9/28/2020,,,9/28/2020,10.0%
9/29/2020,45.6%,,,9/29/2020,,,9/29/2020,10.0%
9/30/2020,49.1%,,,9/30/2020,,,9/30/2020,10.0%
10/1/2020,36.5%,,,10/1/2020,,,10/1/2020,10.0%
10/2/2020,33.9%,,,10/2/2020,,,10/2/2020,10.0%
10/5/2020,29.7%,,,10/5/2020,,,10/5/2020,10.0%
10/6/2020,30.9%,,,10/6/2020,,,10/6/2020,10.0%
10/7/2020,31.7%,,,10/7/2020,,,10/7/2020,10.0%
10/8/2020,31.4%,,,10/8/2020,,,10/8/2020,10.0%
10/9/2020,41.9%,,,10/9/2020,,,10/9/2020,10.0%
10/12/2020,39.4%,,,10/12/2020,,,10/12/2020,10.0%
10/13/2020,31.8%,,,10/13/2020,,,10/13/2020,10.0%
10/14/2020,31.1%,,,10/14/2020,,,10/14/2020,10.0%
10/15/2020,30.8%,,,10/15/2020,,,10/15/2020,10.0%
10/16/2020,29.5%,,,10/16/2020,,,10/16/2020,10.0%
10/19/2020,29.1%,,,10/19/2020,,,10/19/2020,10.0%
10/20/2020,33.9%,,,10/20/2020,,,10/20/2020,10.0%
10/21/2020,33.2%,,,10/21/2020,,,10/21/2020,10.0%
10/22/2020,33.5%,,,10/22/2020,,,10/22/2020,10.0%
10/23/2020,30.6%,,,10/23/2020,,,10/23/2020,10.0%
10/26/2020,31.9%,,,10/26/2020,,,10/26/2020,10.0%
10/27/2020,29.5%,,,10/27/2020,,,10/27/2020,10.0%
10/28/2020,29.5%,,,10/28/2020,,,10/28/2020,10.0%
10/29/2020,29.5%,,,10/29/2020,,,10/29/2020,10.0%
10/30/2020,29.6%,,,10/30/2020,,,10/30/2020,10.0%
11/2/2020,29.7%,,,11/2/2020,,,11/2/2020,10.0%
11/3/2020,31.1%,,,11/3/2020,,,11/3/2020,10.0%
11/4/2020,29.7%,,,11/4/2020,,,11/4/2020,10.0%
11/5/2020,30.2%,,,11/5/2020,,,11/5/2020,10.0%
11/6/2020,30.2%,,,11/6/2020,,,11/6/2020,10.0%
11/9/2020,30.2%,,,11/9/2020,,,11/9/2020,10.0%
11/10/2020,30.2%,,,11/10/2020,,,11/10/2020,10.0%
11/11/2020,30.3%,,,11/11/2020,,,11/11/2020,10.0%
11/12/2020,30.4%,,,11/12/2020,,,11/12/2020,10.0%
11/13/2020,30.4%,,,11/13/2020,,,11/13/2020,10.0%
11/16/2020,30.4%,,,11/16/2020,,,11/16/2020,10.0%
11/17/2020,30.4%,,,11/17/2020,,,11/17/2020,10.0%
11/18/2020,30.4%,,,11/18/2020,,,11/18/2020,10.0%
11/19/2020,30.4%,,,11/19/2020,,,11/19/2020,10.0%
11/20/2020,30.4%,,,11/20/2020,,,11/20/2020,10.0%
11/23/2020,30.5%,,,11/23/2020,,,11/23/2020,10.0%
11/24/2020,30.5%,,,11/24/2020,,,11/24/2020,10.0%
11/25/2020,30.6%,,,11/25/2020,,,11/25/2020,10.0%
11/27/2020,30.6%,,,11/27/2020,,,11/27/2020,10.0%
11/30/2020,30.6%,,,11/30/2020,,,11/30/2020,10.0%
12/1/2020,30.6%,,,12/1/2020,,,12/1/2020,10.0%
12/2/2020,30.7%,,,12/2/2020,,,12/2/2020,10.0%
12/3/2020,30.7%,,,12/3/2020,,,12/3/2020,10.0%
12/4/2020,30.7%,,,12/4/2020,,,12/4/2020,10.0%
12/7/2020,30.7%,,,12/7/2020,,,12/7/2020,10.0%
12/8/2020,30.8%,,,12/8/2020,,,12/8/2020,10.0%
12/9/2020,30.9%,,,12/9/2020,,,12/9/2020,10.0%
12/10/2020,30.9%,,,12/10/2020,,,12/10/2020,10.0%
12/11/2020,30.9%,,,12/11/2020,,,12/11/2020,10.0%
12/14/2020,30.9%,,,12/14/2020,,,12/14/2020,10.0%
12/15/2020,31.1%,,,12/15/2020,,,12/15/2020,10.0%
12/16/2020,31.1%,,,12/16/2020,,,12/16/2020,10.0%
12/17/2020,31.1%,,,12/17/2020,,,12/17/2020,10.0%
12/18/2020,31.2%,,,12/18/2020,,,12/18/2020,10.0%
12/21/2020,31.2%,,,12/21/2020,,,12/21/2020,10.0%
12/22/2020,31.3%,,,12/22/2020,,,12/22/2020,10.0%
12/23/2020,31.3%,,,12/23/2020,,,12/23/2020,10.0%
12/24/2020,31.3%,,,12/24/2020,,,12/24/2020,10.0%
12/28/2020,31.3%,,,12/28/2020,,,12/28/2020,10.0%
12/29/2020,31.4%,,,12/29/2020,,,12/29/2020,10.0%
12/30/2020,31.4%,,,12/30/2020,,,12/30/2020,10.0%
12/31/2020,29.1%,,,12/31/2020,0.566558359,,12/31/2020,10.0%
1/4/2021,32.2%,,,1/4/2021,0.566609693,,1/4/2021,10.0%
1/5/2021,31.4%,,,1/5/2021,0.567899849,,1/5/2021,10.0%
1/6/2021,31.7%,,,1/6/2021,0.568525816,,1/6/2021,10.0%
1/7/2021,31.9%,,,1/7/2021,0.571183323,,1/7/2021,10.0%
1/8/2021,31.9%,,,1/8/2021,0.571164941,,1/8/2021,10.0%
1/11/2021,31.9%,,,1/11/2021,0.571174101,,1/11/2021,10.0%
1/12/2021,32.0%,,,1/12/2021,0.572503477,,1/12/2021,10.0%
1/13/2021,32.0%,,,1/13/2021,0.572462163,,1/13/2021,10.0%
1/14/2021,32.0%,,,1/14/2021,0.572537344,,1/14/2021,10.0%
1/15/2021,32.2%,,,1/15/2021,0.575254897,,1/15/2021,10.0%
1/19/2021,32.3%,,,1/19/2021,0.577482481,,1/19/2021,10.0%
1/20/2021,32.3%,,,1/20/2021,0.5774749,,1/20/2021,10.0%
1/21/2021,32.4%,,,1/21/2021,0.579050557,,1/21/2021,10.0%
1/22/2021,32.4%,,,1/22/2021,0.57947594,,1/22/2021,10.0%
1/25/2021,32.5%,,,1/25/2021,0.580688508,,1/25/2021,10.0%
1/26/2021,32.5%,,,1/26/2021,0.579354102,,1/26/2021,10.0%
1/27/2021,32.6%,,,1/27/2021,0.580698366,,1/27/2021,10.0%
1/28/2021,32.6%,,,1/28/2021,0.5807341,,1/28/2021,10.0%
1/29/2021,32.7%,,,1/29/2021,0.581533167,,1/29/2021,10.0%
2/1/2021,32.7%,,,2/1/2021,0.581190025,,2/1/2021,10.0%
2/2/2021,32.7%,,,2/2/2021,0.580800105,,2/2/2021,10.0%
2/3/2021,32.8%,,,2/3/2021,0.579265431,,2/3/2021,10.0%
2/4/2021,32.8%,,,2/4/2021,0.579334984,,2/4/2021,10.0%
2/5/2021,32.8%,,,2/5/2021,0.579262422,,2/5/2021,10.0%
2/8/2021,32.8%,,,2/8/2021,0.579614383,,2/8/2021,10.0%
2/9/2021,32.8%,,,2/9/2021,0.579528616,,2/9/2021,10.0%
2/10/2021,32.8%,,,2/10/2021,0.579827707,,2/10/2021,10.0%
2/11/2021,32.8%,,,2/11/2021,0.579565901,,2/11/2021,10.0%
2/12/2021,32.8%,,,2/12/2021,0.579541463,,2/12/2021,10.0%
2/16/2021,32.9%,,,2/16/2021,0.580606885,,2/16/2021,10.0%
2/17/2021,33.0%,,,2/17/2021,0.581645944,,2/17/2021,10.0%
2/18/2021,33.2%,,,2/18/2021,0.584690697,,2/18/2021,10.0%
2/19/2021,33.2%,,,2/19/2021,0.584959508,,2/19/2021,10.0%
2/22/2021,33.4%,,,2/22/2021,0.58798159,,2/22/2021,10.0%
2/23/2021,33.4%,,,2/23/2021,0.584404612,,2/23/2021,10.0%
2/24/2021,33.5%,,,2/24/2021,0.584517504,,2/24/2021,10.0%
2/25/2021,33.8%,,,2/25/2021,0.58814305,,2/25/2021,10.0%
2/26/2021,33.8%,,,2/26/2021,0.583751588,,2/26/2021,10.0%
3/1/2021,33.9%,,,3/1/2021,0.585991771,,3/1/2021,10.0%
3/2/2021,34.0%,,,3/2/2021,0.586817612,,3/2/2021,10.0%
3/3/2021,34.1%,,,3/3/2021,0.58837106,,3/3/2021,10.0%
3/4/2021,34.3%,,,3/4/2021,0.589905187,,3/4/2021,10.1%
3/5/2021,30.8%,,,3/5/2021,0.589468309,,3/5/2021,10.1%
3/8/2021,34.3%,,,3/8/2021,0.588646606,,3/8/2021,10.1%
3/9/2021,34.7%,,,3/9/2021,0.58371475,,3/9/2021,10.1%
3/10/2021,34.7%,,,3/10/2021,0.58360186,,3/10/2021,10.1%
3/11/2021,34.9%,,,3/11/2021,0.581849801,,3/11/2021,10.1%
3/12/2021,34.9%,,,3/12/2021,0.566536304,,3/12/2021,10.1%
3/15/2021,34.9%,,,3/15/2021,0.557220414,,3/15/2021,10.1%
3/16/2021,34.9%,,,3/16/2021,0.55029721,,3/16/2021,10.1%
3/17/2021,34.9%,,,3/17/2021,0.548657337,,3/17/2021,10.0%
3/18/2021,35.1%,,,3/18/2021,0.499900867,,3/18/2021,10.0%
3/19/2021,35.1%,,,3/19/2021,0.500116635,,3/19/2021,10.1%
3/22/2021,35.1%,,,3/22/2021,0.498041456,,3/22/2021,10.0%
3/23/2021,35.2%,,,3/23/2021,0.4997055,,3/23/2021,10.1%
3/24/2021,35.2%,,,3/24/2021,0.488528295,,3/24/2021,10.1%
3/25/2021,35.3%,,,3/25/2021,0.488182416,,3/25/2021,10.1%
3/26/2021,34.0%,,,3/26/2021,0.488489403,,3/26/2021,10.1%
3/29/2021,35.4%,,,3/29/2021,0.487191771,,3/29/2021,10.1%
3/30/2021,35.5%,,,3/30/2021,0.488731789,,3/30/2021,10.1%
3/31/2021,35.5%,,,3/31/2021,0.489073298,,3/31/2021,10.1%
4/1/2021,35.5%,,,4/1/2021,0.489007376,,4/1/2021,10.1%
4/5/2021,35.5%,,,4/5/2021,0.488196238,,4/5/2021,10.1%
4/6/2021,35.5%,,,4/6/2021,0.488179544,,4/6/2021,10.1%
4/7/2021,35.6%,,,4/7/2021,0.486896344,,4/7/2021,10.1%
4/8/2021,35.6%,,,4/8/2021,0.486752349,,4/8/2021,10.1%
4/9/2021,35.6%,,,4/9/2021,0.486781942,,4/9/2021,10.1%
4/12/2021,35.6%,,,4/12/2021,0.482926382,,4/12/2021,10.1%
4/13/2021,33.7%,,,4/13/2021,0.479125324,,4/13/2021,10.1%
4/14/2021,32.0%,,,4/14/2021,0.479156628,,4/14/2021,10.1%
4/15/2021,31.7%,,,4/15/2021,0.479114172,,4/15/2021,10.1%
4/16/2021,30.7%,,,4/16/2021,0.478640822,,4/16/2021,10.1%
4/19/2021,33.0%,,,4/19/2021,0.478007111,,4/19/2021,10.1%
4/20/2021,34.8%,,,4/20/2021,0.477778616,,4/20/2021,10.1%
4/21/2021,34.0%,,,4/21/2021,0.47838729,,4/21/2021,10.1%
4/22/2021,35.5%,,,4/22/2021,0.4745408,,4/22/2021,10.1%
4/23/2021,33.0%,,,4/23/2021,0.474409401,,4/23/2021,10.0%
4/26/2021,32.7%,,,4/26/2021,0.474360138,,4/26/2021,10.0%
4/27/2021,32.8%,,,4/27/2021,0.474492434,,4/27/2021,10.0%
4/28/2021,32.0%,,,4/28/2021,0.474511511,,4/28/2021,10.0%
4/29/2021,31.4%,,,4/29/2021,0.474647664,,4/29/2021,10.0%
4/30/2021,31.5%,,,4/30/2021,0.471684621,,4/30/2021,10.0%
5/3/2021,36.8%,,,5/3/2021,0.470849269,,5/3/2021,10.0%
5/4/2021,36.8%,,,5/4/2021,0.47059407,,5/4/2021,10.1%
5/5/2021,36.8%,,,5/5/2021,0.470400825,,5/5/2021,10.1%
5/6/2021,36.8%,,,5/6/2021,0.469908,,5/6/2021,10.1%
5/7/2021,36.8%,,,5/7/2021,0.468788712,,5/7/2021,10.1%
5/10/2021,36.8%,,,5/10/2021,0.468733972,,5/10/2021,10.1%
5/11/2021,36.8%,,,5/11/2021,0.467959772,,5/11/2021,10.0%
5/12/2021,36.9%,,,5/12/2021,0.470729734,,5/12/2021,10.0%
5/13/2021,36.9%,,,5/13/2021,0.470726749,,5/13/2021,10.1%
5/14/2021,36.9%,,,5/14/2021,0.469847006,,5/14/2021,10.1%
5/17/2021,36.9%,,,5/17/2021,0.468713057,,5/17/2021,10.1%
5/18/2021,36.9%,,,5/18/2021,0.468356298,,5/18/2021,10.1%
5/19/2021,37.0%,,,5/19/2021,0.468509251,,5/19/2021,10.1%
5/20/2021,37.0%,,,5/20/2021,0.468191056,,5/20/2021,10.1%
5/21/2021,37.0%,,,5/21/2021,0.467547265,,5/21/2021,10.1%
5/24/2021,37.0%,,,5/24/2021,0.467553755,,5/24/2021,10.1%
5/25/2021,34.3%,,,5/25/2021,0.466339601,,5/25/2021,10.1%
5/26/2021,37.0%,,,5/26/2021,0.466366151,,5/26/2021,10.1%
5/27/2021,36.4%,,,5/27/2021,0.466795197,,5/27/2021,10.1%
5/28/2021,37.0%,,,5/28/2021,0.466665959,,5/28/2021,10.0%
6/1/2021,36.0%,,,6/1/2021,0.467325542,,6/1/2021,10.0%
6/2/2021,34.0%,,,6/2/2021,0.467117283,,6/2/2021,10.0%
6/3/2021,33.7%,,,6/3/2021,0.467309013,,6/3/2021,10.0%
6/4/2021,33.1%,,,6/4/2021,0.467329601,,6/4/2021,10.0%
6/7/2021,31.9%,,,6/7/2021,0.467047226,,6/7/2021,10.0%
6/8/2021,32.2%,,,6/8/2021,0.466888184,,6/8/2021,10.0%
6/9/2021,32.4%,,,6/9/2021,0.46680659,,6/9/2021,10.1%
6/10/2021,35.4%,,,6/10/2021,0.465884586,,6/10/2021,10.0%
6/11/2021,30.9%,,,6/11/2021,0.458849243,,6/11/2021,10.1%
6/14/2021,32.7%,,,6/14/2021,0.459329063,,6/14/2021,10.0%
6/15/2021,31.0%,,,6/15/2021,0.458759432,,6/15/2021,10.1%
6/16/2021,30.8%,,,6/16/2021,0.460011231,,6/16/2021,10.1%
6/17/2021,33.0%,,,6/17/2021,0.46008668,,6/17/2021,10.1%
6/18/2021,31.0%,,,6/18/2021,0.460209552,,6/18/2021,10.1%
6/21/2021,31.2%,,,6/21/2021,0.460255774,,6/21/2021,10.0%
6/22/2021,31.1%,,,6/22/2021,0.459494084,,6/22/2021,10.0%
6/23/2021,32.7%,,,6/23/2021,0.459346112,,6/23/2021,10.0%
6/24/2021,31.2%,,,6/24/2021,0.45770505,,6/24/2021,10.0%
6/25/2021,30.7%,,,6/25/2021,0.457449942,,6/25/2021,10.0%
6/28/2021,32.4%,,,6/28/2021,0.455577406,,6/28/2021,10.0%
6/29/2021,33.7%,,,6/29/2021,0.455360608,,6/29/2021,10.0%
6/30/2021,31.0%,,,6/30/2021,0.454075015,,6/30/2021,10.0%
7/1/2021,32.0%,,,7/1/2021,0.454019115,,7/1/2021,10.0%
7/2/2021,33.3%,,,7/2/2021,0.454039209,,7/2/2021,10.0%
7/6/2021,36.0%,,,7/6/2021,0.452502436,,7/6/2021,10.0%
7/7/2021,33.1%,,,7/7/2021,0.452438891,,7/7/2021,10.0%
7/8/2021,34.1%,,,7/8/2021,0.452232564,,7/8/2021,10.0%
7/9/2021,31.5%,,,7/9/2021,0.453536466,,7/9/2021,10.0%
7/12/2021,33.8%,,,7/12/2021,0.453485428,,7/12/2021,10.0%
7/13/2021,32.3%,,,7/13/2021,0.451867448,,7/13/2021,10.0%
7/14/2021,33.0%,,,7/14/2021,0.451558317,,7/14/2021,10.0%
7/15/2021,34.7%,,,7/15/2021,0.451559781,,7/15/2021,10.0%
7/16/2021,34.8%,,,7/16/2021,0.452522327,,7/16/2021,10.0%
7/19/2021,33.9%,,,7/19/2021,0.453017629,,7/19/2021,10.0%
7/20/2021,34.8%,,,7/20/2021,0.450920517,,7/20/2021,10.0%
7/21/2021,34.9%,,,7/21/2021,0.452347649,,7/21/2021,10.0%
7/22/2021,34.9%,,,7/22/2021,0.452287988,,7/22/2021,10.0%
7/23/2021,34.9%,,,7/23/2021,0.450288929,,7/23/2021,10.0%
7/26/2021,34.9%,,,7/26/2021,0.450230104,,7/26/2021,10.0%
7/27/2021,34.8%,,,7/27/2021,0.450809368,,7/27/2021,10.0%
7/28/2021,35.1%,,,7/28/2021,0.452456421,,7/28/2021,10.0%
7/29/2021,35.1%,,,7/29/2021,0.453471477,,7/29/2021,10.0%
7/30/2021,35.1%,,,7/30/2021,0.453383491,,7/30/2021,10.0%
8/2/2021,34.7%,,,8/2/2021,0.452205928,,8/2/2021,10.0%
8/3/2021,35.2%,,,8/3/2021,0.452262254,,8/3/2021,10.0%
8/4/2021,35.2%,,,8/4/2021,0.452205941,,8/4/2021,10.0%
8/5/2021,35.2%,,,8/5/2021,0.452188349,,8/5/2021,10.0%
8/6/2021,35.2%,,,8/6/2021,0.45160764,,8/6/2021,10.0%
8/9/2021,35.2%,,,8/9/2021,0.451087812,,8/9/2021,10.0%
8/10/2021,35.2%,,,8/10/2021,0.450980288,,8/10/2021,10.0%
8/11/2021,35.2%,,,8/11/2021,0.449406176,,8/11/2021,10.0%
8/12/2021,34.6%,,,8/12/2021,0.446726503,,8/12/2021,10.0%
8/13/2021,33.3%,,,8/13/2021,0.4468398,,8/13/2021,10.0%
8/16/2021,33.3%,,,8/16/2021,0.449181296,,8/16/2021,10.0%
8/17/2021,35.3%,,,8/17/2021,0.449636537,,8/17/2021,10.0%
8/18/2021,35.3%,,,8/18/2021,0.449246442,,8/18/2021,10.0%
8/19/2021,35.3%,,,8/19/2021,0.449140578,,8/19/2021,10.0%
8/20/2021,35.3%,,,8/20/2021,0.448334383,,8/20/2021,10.0%
8/23/2021,35.4%,,,8/23/2021,0.449101295,,8/23/2021,10.0%
8/24/2021,35.4%,,,8/24/2021,0.448984554,,8/24/2021,10.0%
8/25/2021,35.4%,,,8/25/2021,0.448746844,,8/25/2021,10.0%
8/26/2021,35.4%,,,8/26/2021,0.447333222,,8/26/2021,10.0%
8/27/2021,35.4%,,,8/27/2021,0.447686184,,8/27/2021,10.0%
8/30/2021,35.4%,,,8/30/2021,0.447620228,,8/30/2021,10.0%
8/31/2021,35.4%,,,8/31/2021,0.447298914,,8/31/2021,10.0%
9/1/2021,35.4%,,,9/1/2021,0.446417786,,9/1/2021,10.0%
9/2/2021,35.4%,,,9/2/2021,0.4460871,,9/2/2021,10.0%
9/3/2021,35.4%,,,9/3/2021,0.434243159,,9/3/2021,10.0%
9/7/2021,35.4%,,,9/7/2021,0.434481602,,9/7/2021,10.0%
9/8/2021,35.4%,,,9/8/2021,0.423848397,,9/8/2021,10.0%
9/9/2021,35.4%,,,9/9/2021,0.420045632,,9/9/2021,10.0%
9/10/2021,35.1%,,,9/10/2021,0.417937811,,9/10/2021,10.0%
9/13/2021,34.6%,,,9/13/2021,0.418096093,,9/13/2021,10.0%
9/14/2021,40.0%,,,9/14/2021,0.416795816,,9/14/2021,10.0%
9/15/2021,36.7%,,,9/15/2021,0.416667397,,9/15/2021,10.0%
9/16/2021,37.3%,,,9/16/2021,0.415883427,,9/16/2021,10.0%
9/17/2021,38.4%,,,9/17/2021,0.414880072,,9/17/2021,10.0%
9/20/2021,39.0%,,,9/20/2021,0.416606153,,9/20/2021,10.0%
9/21/2021,39.9%,,,9/21/2021,0.416660157,,9/21/2021,10.0%
9/22/2021,43.7%,,,9/22/2021,0.416163009,,9/22/2021,10.0%
9/23/2021,42.3%,,,9/23/2021,0.412435986,,9/23/2021,10.0%
9/24/2021,49.2%,,,9/24/2021,0.412346846,,9/24/2021,10.0%
9/27/2021,49.4%,,,9/27/2021,0.412283899,,9/27/2021,10.0%
9/28/2021,49.4%,,,9/28/2021,0.410532651,,9/28/2021,10.0%
9/29/2021,49.4%,,,9/29/2021,0.410406808,,9/29/2021,10.0%
9/30/2021,49.4%,,,9/30/2021,0.410181345,,9/30/2021,10.0%
10/1/2021,49.4%,,,10/1/2021,0.409890515,,10/1/2021,10.0%
10/4/2021,49.4%,,,10/4/2021,0.407243317,,10/4/2021,10.0%
10/5/2021,49.4%,,,10/5/2021,0.404826043,,10/5/2021,10.0%
10/6/2021,49.4%,,,10/6/2021,0.405216813,,10/6/2021,10.0%
10/7/2021,49.4%,,,10/7/2021,0.40303186,,10/7/2021,10.0%
10/8/2021,49.4%,,,10/8/2021,0.403792231,,10/8/2021,10.0%
10/11/2021,49.4%,,,10/11/2021,0.402959999,,10/11/2021,10.0%
10/12/2021,49.4%,,,10/12/2021,0.402900343,,10/12/2021,10.0%
10/13/2021,49.3%,,,10/13/2021,0.402913751,,10/13/2021,10.0%
10/14/2021,49.4%,,,10/14/2021,0.403015507,,10/14/2021,10.0%
10/15/2021,49.3%,,,10/15/2021,0.402927325,,10/15/2021,10.0%
10/18/2021,49.3%,,,10/18/2021,0.402924168,,10/18/2021,10.0%
10/19/2021,49.3%,,,10/19/2021,0.402953605,,10/19/2021,10.0%
10/20/2021,49.3%,,,10/20/2021,0.402359676,,10/20/2021,10.0%
10/21/2021,49.3%,,,10/21/2021,0.395699669,,10/21/2021,10.0%
10/22/2021,49.3%,,,10/22/2021,0.395945351,,10/22/2021,10.0%
10/25/2021,49.2%,,,10/25/2021,0.396839034,,10/25/2021,10.0%
10/26/2021,49.2%,,,10/26/2021,0.396092066,,10/26/2021,10.0%
10/27/2021,49.3%,,,10/27/2021,0.397809501,,10/27/2021,10.0%
10/28/2021,49.2%,,,10/28/2021,0.397137061,,10/28/2021,10.0%
10/29/2021,49.2%,,,10/29/2021,0.397383254,,10/29/2021,10.0%
11/1/2021,49.2%,,,11/1/2021,0.397258599,,11/1/2021,10.0%
11/2/2021,49.2%,,,11/2/2021,0.395084259,,11/2/2021,10.1%
11/3/2021,49.2%,,,11/3/2021,0.395138063,,11/3/2021,10.1%
11/4/2021,49.2%,,,11/4/2021,0.394152227,,11/4/2021,10.1%
11/5/2021,49.2%,,,11/5/2021,0.384878614,,11/5/2021,10.1%
11/8/2021,49.2%,,,11/8/2021,0.385044556,,11/8/2021,10.1%
11/9/2021,49.1%,,,11/9/2021,0.385028122,,11/9/2021,10.0%
11/10/2021,49.2%,,,11/10/2021,0.386953699,,11/10/2021,10.0%
11/11/2021,49.2%,,,11/11/2021,0.385048444,,11/11/2021,10.0%
11/12/2021,49.2%,,,11/12/2021,0.384266838,,11/12/2021,10.0%
11/15/2021,49.2%,,,11/15/2021,0.384205973,,11/15/2021,10.0%
11/16/2021,49.2%,,,11/16/2021,0.383747902,,11/16/2021,10.0%
11/17/2021,49.2%,,,11/17/2021,0.385091608,,11/17/2021,10.0%
11/18/2021,47.6%,,,11/18/2021,0.384975833,,11/18/2021,10.0%
11/19/2021,49.2%,,,11/19/2021,0.387581937,,11/19/2021,10.0%
11/22/2021,49.2%,,,11/22/2021,0.38767611,,11/22/2021,10.0%
11/23/2021,49.2%,,,11/23/2021,0.386587414,,11/23/2021,10.0%
11/24/2021,44.9%,,,11/24/2021,0.386280222,,11/24/2021,10.0%
11/26/2021,46.2%,,,11/26/2021,0.390601816,,11/26/2021,10.0%
11/29/2021,49.3%,,,11/29/2021,0.390497308,,11/29/2021,10.0%
11/30/2021,49.3%,,,11/30/2021,0.390520784,,11/30/2021,10.0%
12/1/2021,49.3%,,,12/1/2021,0.391849548,,12/1/2021,10.0%
12/2/2021,49.4%,,,12/2/2021,0.393265667,,12/2/2021,10.0%
12/3/2021,47.4%,,,12/3/2021,0.393361276,,12/3/2021,10.0%
12/6/2021,49.4%,,,12/6/2021,0.394085129,,12/6/2021,10.0%
12/7/2021,49.4%,,,12/7/2021,0.395604835,,12/7/2021,10.0%
12/8/2021,49.4%,,,12/8/2021,0.393590621,,12/8/2021,10.0%
12/9/2021,47.1%,,,12/9/2021,0.391718201,,12/9/2021,10.0%
12/10/2021,44.9%,,,12/10/2021,0.391735897,,12/10/2021,10.0%
12/13/2021,49.4%,,,12/13/2021,0.393892346,,12/13/2021,10.0%
12/14/2021,49.4%,,,12/14/2021,0.394094684,,12/14/2021,10.0%
12/15/2021,49.4%,,,12/15/2021,0.38747787,,12/15/2021,10.0%
12/16/2021,49.3%,,,12/16/2021,0.387474378,,12/16/2021,10.0%
12/17/2021,49.3%,,,12/17/2021,0.387627278,,12/17/2021,10.0%
12/20/2021,49.3%,,,12/20/2021,0.387459336,,12/20/2021,10.0%
12/21/2021,49.4%,,,12/21/2021,0.389774536,,12/21/2021,10.0%
12/22/2021,49.3%,,,12/22/2021,0.386037063,,12/22/2021,10.0%
12/23/2021,49.0%,,,12/23/2021,0.386039508,,12/23/2021,10.0%
12/27/2021,49.1%,,,12/27/2021,0.387763513,,12/27/2021,10.0%
12/28/2021,49.0%,,,12/28/2021,0.387729171,,12/28/2021,10.0%
12/29/2021,49.0%,,,12/29/2021,0.387057139,,12/29/2021,10.0%
12/30/2021,49.0%,,,12/30/2021,0.387078407,,12/30/2021,10.0%
12/31/2021,49.0%,,,12/31/2021,0.387079737,,12/31/2021,10.0%
1/3/2022,49.0%,,,1/3/2022,0.389645092,,1/3/2022,10.0%
1/4/2022,49.1%,,,1/4/2022,0.390489209,,1/4/2022,10.0%
1/5/2022,49.1%,,,1/5/2022,0.390507572,,1/5/2022,10.0%
1/6/2022,49.1%,,,1/6/2022,0.387732935,,1/6/2022,10.0%
1/7/2022,49.1%,,,1/7/2022,0.387407133,,1/7/2022,10.0%
1/10/2022,49.1%,,,1/10/2022,0.387401837,,1/10/2022,10.0%
1/11/2022,49.2%,,,1/11/2022,0.387286745,,1/11/2022,10.0%
1/12/2022,49.2%,,,1/12/2022,0.387433838,,1/12/2022,10.0%
1/13/2022,49.2%,,,1/13/2022,0.387462411,,1/13/2022,10.0%
1/14/2022,49.2%,,,1/14/2022,0.384747559,,1/14/2022,10.0%
1/18/2022,49.2%,,,1/18/2022,0.381233889,,1/18/2022,10.0%
1/19/2022,49.2%,,,1/19/2022,0.381416084,,1/19/2022,10.0%
1/20/2022,49.2%,,,1/20/2022,0.379750013,,1/20/2022,10.0%
1/21/2022,49.2%,,,1/21/2022,0.38032311,,1/21/2022,10.0%
1/24/2022,49.2%,,,1/24/2022,0.378450571,,1/24/2022,10.0%
1/25/2022,49.3%,,,1/25/2022,0.380998391,,1/25/2022,10.0%
1/26/2022,49.3%,,,1/26/2022,0.3783877,,1/26/2022,10.0%
1/27/2022,49.3%,,,1/27/2022,0.378422505,,1/27/2022,10.0%
1/28/2022,49.3%,,,1/28/2022,0.377369645,,1/28/2022,10.0%
1/31/2022,49.3%,,,1/31/2022,0.376168052,,1/31/2022,10.0%
2/1/2022,49.3%,,,2/1/2022,0.377909347,,2/1/2022,10.0%
2/2/2022,49.3%,,,2/2/2022,0.3777715,,2/2/2022,10.0%
2/3/2022,49.3%,,,2/3/2022,0.377789408,,2/3/2022,10.0%
2/4/2022,49.3%,,,2/4/2022,0.377862819,,2/4/2022,10.0%
2/7/2022,49.3%,,,2/7/2022,0.377043338,,2/7/2022,10.0%
2/8/2022,49.3%,,,2/8/2022,0.378096181,,2/8/2022,10.0%
2/9/2022,49.3%,,,2/9/2022,0.378105453,,2/9/2022,10.0%
2/10/2022,49.3%,,,2/10/2022,0.378104804,,2/10/2022,10.0%
2/11/2022,49.4%,,,2/11/2022,0.380116039,,2/11/2022,10.0%
2/14/2022,49.4%,,,2/14/2022,0.37945575,,2/14/2022,10.0%
2/15/2022,49.4%,,,2/15/2022,0.378540256,,2/15/2022,10.0%
2/16/2022,49.4%,,,2/16/2022,0.373643357,,2/16/2022,10.0%
2/17/2022,49.4%,,,2/17/2022,0.372621353,,2/17/2022,10.0%
2/18/2022,49.4%,,,2/18/2022,0.366512989,,2/18/2022,10.0%
2/22/2022,44.0%,,,2/22/2022,0.366828485,,2/22/2022,10.0%
2/23/2022,48.0%,,,2/23/2022,0.364329534,,2/23/2022,10.0%
2/24/2022,49.3%,,,2/24/2022,0.358448487,,2/24/2022,10.0%
2/25/2022,49.4%,,,2/25/2022,0.358429206,,2/25/2022,10.0%
2/28/2022,49.2%,,,2/28/2022,0.357309864,,2/28/2022,10.0%
3/1/2022,42.7%,,,3/1/2022,0.355421071,,3/1/2022,10.0%
3/2/2022,34.0%,,,3/2/2022,0.351678158,,3/2/2022,10.0%
3/3/2022,33.2%,,,3/3/2022,0.348103493,,3/3/2022,10.0%
3/4/2022,29.1%,,,3/4/2022,0.350501054,,3/4/2022,10.0%
3/7/2022,31.8%,,,3/7/2022,0.349870385,,3/7/2022,10.0%
3/8/2022,40.7%,,,3/8/2022,0.345061595,,3/8/2022,10.0%
3/9/2022,41.0%,,,3/9/2022,0.347944514,,3/9/2022,10.0%
3/10/2022,36.3%,,,3/10/2022,0.342621126,,3/10/2022,10.0%
3/11/2022,34.8%,,,3/11/2022,0.34290559,,3/11/2022,10.0%
3/14/2022,43.7%,,,3/14/2022,0.344914094,,3/14/2022,10.0%
3/15/2022,44.2%,,,3/15/2022,0.34324268,,3/15/2022,10.0%
3/16/2022,49.5%,,,3/16/2022,0.343012675,,3/16/2022,10.0%
3/17/2022,49.6%,,,3/17/2022,0.342897389,,3/17/2022,10.0%
3/18/2022,49.6%,,,3/18/2022,0.342285187,,3/18/2022,10.0%
3/21/2022,49.6%,,,3/21/2022,0.344659522,,3/21/2022,10.0%
3/22/2022,49.6%,,,3/22/2022,0.342588667,,3/22/2022,10.0%
3/23/2022,49.6%,,,3/23/2022,0.340977227,,3/23/2022,10.0%
3/24/2022,49.6%,,,3/24/2022,0.340666077,,3/24/2022,10.0%
3/25/2022,49.6%,,,3/25/2022,0.341745479,,3/25/2022,10.0%
3/28/2022,49.6%,,,3/28/2022,0.340047512,,3/28/2022,10.0%
3/29/2022,49.6%,,,3/29/2022,0.33763871,,3/29/2022,10.0%
3/30/2022,49.6%,,,3/30/2022,0.33611227,,3/30/2022,10.0%
3/31/2022,49.6%,,,3/31/2022,0.336293653,,3/31/2022,10.0%
4/1/2022,49.6%,,,4/1/2022,0.336431372,,4/1/2022,10.0%
4/4/2022,49.6%,,,4/4/2022,0.33633636,,4/4/2022,10.0%
4/5/2022,49.6%,,,4/5/2022,0.334865472,,4/5/2022,10.0%
4/6/2022,49.6%,,,4/6/2022,0.334860005,,4/6/2022,10.0%
4/7/2022,49.6%,,,4/7/2022,0.334874925,,4/7/2022,10.0%
4/8/2022,49.6%,,,4/8/2022,0.33576961,,4/8/2022,10.0%
4/11/2022,49.6%,,,4/11/2022,0.336900023,,4/11/2022,10.0%
4/12/2022,49.6%,,,4/12/2022,0.337100145,,4/12/2022,10.0%
4/13/2022,49.6%,,,4/13/2022,0.337751948,,4/13/2022,10.0%
4/14/2022,49.6%,,,4/14/2022,0.337630583,,4/14/2022,10.0%
4/18/2022,49.7%,,,4/18/2022,0.337745915,,4/18/2022,10.0%
4/19/2022,49.6%,,,4/19/2022,0.337734485,,4/19/2022,10.0%
4/20/2022,49.6%,,,4/20/2022,0.336844404,,4/20/2022,10.0%
4/21/2022,49.7%,,,4/21/2022,0.339303233,,4/21/2022,10.0%
4/22/2022,49.7%,,,4/22/2022,0.340360271,,4/22/2022,10.0%
4/25/2022,49.7%,,,4/25/2022,0.341293062,,4/25/2022,10.0%
4/26/2022,49.7%,,,4/26/2022,0.341191654,,4/26/2022,10.0%
4/27/2022,49.7%,,,4/27/2022,0.341561169,,4/27/2022,10.0%
4/28/2022,49.8%,,,4/28/2022,0.342846618,,4/28/2022,10.0%
4/29/2022,49.8%,,,4/29/2022,0.343838599,,4/29/2022,10.0%
5/2/2022,49.8%,,,5/2/2022,0.343762217,,5/2/2022,10.0%
5/3/2022,49.8%,,,5/3/2022,0.34714495,,5/3/2022,10.0%
5/4/2022,49.9%,,,5/4/2022,0.348497829,,5/4/2022,10.0%
5/5/2022,49.9%,,,5/5/2022,0.348206555,,5/5/2022,10.0%
5/6/2022,49.9%,,,5/6/2022,0.348348671,,5/6/2022,10.0%
5/9/2022,50.3%,,,5/9/2022,0.363409232,,5/9/2022,10.0%
5/10/2022,50.2%,,,5/10/2022,0.363160216,,5/10/2022,10.0%
5/11/2022,50.2%,,,5/11/2022,0.359749389,,5/11/2022,10.0%
5/12/2022,50.2%,,,5/12/2022,0.359770428,,5/12/2022,10.0%
5/13/2022,50.3%,,,5/13/2022,0.362056345,,5/13/2022,10.0%
5/16/2022,50.3%,,,5/16/2022,0.362515912,,5/16/2022,10.0%
5/17/2022,50.3%,,,5/17/2022,0.362688883,,5/17/2022,10.0%
5/18/2022,50.3%,,,5/18/2022,0.363225619,,5/18/2022,10.0%
5/19/2022,50.3%,,,5/19/2022,0.36318462,,5/19/2022,10.0%
5/20/2022,50.2%,,,5/20/2022,0.362938519,,5/20/2022,10.0%
5/23/2022,50.2%,,,5/23/2022,0.364600179,,5/23/2022,10.0%
5/24/2022,50.2%,,,5/24/2022,0.363667708,,5/24/2022,10.0%
5/25/2022,50.3%,,,5/25/2022,0.365446902,,5/25/2022,10.0%
5/26/2022,50.3%,,,5/26/2022,0.365371592,,5/26/2022,10.0%
5/27/2022,50.3%,,,5/27/2022,0.367233524,,5/27/2022,10.0%
5/31/2022,50.3%,,,5/31/2022,0.366156019,,5/31/2022,10.0%
6/1/2022,50.3%,,,6/1/2022,0.367002076,,6/1/2022,10.0%
6/2/2022,50.3%,,,6/2/2022,0.366904141,,6/2/2022,10.0%
6/3/2022,50.3%,,,6/3/2022,0.367024389,,6/3/2022,10.0%
6/6/2022,50.3%,,,6/6/2022,0.36703176,,6/6/2022,10.0%
6/7/2022,50.3%,,,6/7/2022,0.368881533,,6/7/2022,10.0%
6/8/2022,50.3%,,,6/8/2022,0.36898683,,6/8/2022,10.0%
6/9/2022,50.3%,,,6/9/2022,0.369397492,,6/9/2022,10.0%
6/10/2022,50.3%,,,6/10/2022,0.369779336,,6/10/2022,10.0%
6/13/2022,50.4%,,,6/13/2022,0.374674153,,6/13/2022,10.0%
6/14/2022,47.4%,,,6/14/2022,0.374636662,,6/14/2022,10.0%
6/15/2022,35.5%,,,6/15/2022,0.373662159,,6/15/2022,10.0%
6/16/2022,33.4%,,,6/16/2022,0.379411314,,6/16/2022,10.0%
6/17/2022,34.5%,,,6/17/2022,0.384054199,,6/17/2022,10.0%
6/21/2022,25.2%,,,6/21/2022,0.384419553,,6/21/2022,10.0%
6/22/2022,20.5%,,,6/22/2022,0.386633579,,6/22/2022,10.0%
6/23/2022,19.5%,,,6/23/2022,0.387720209,,6/23/2022,10.0%
6/24/2022,23.3%,,,6/24/2022,0.387782998,,6/24/2022,10.0%
6/27/2022,38.4%,,,6/27/2022,0.38778301,,6/27/2022,10.0%
6/28/2022,31.2%,,,6/28/2022,0.387959587,,6/28/2022,10.0%
6/29/2022,27.9%,,,6/29/2022,0.390379853,,6/29/2022,10.0%
6/30/2022,26.1%,,,6/30/2022,0.391959906,,6/30/2022,10.0%
7/1/2022,31.0%,,,7/1/2022,0.391935905,,7/1/2022,10.0%
7/5/2022,33.8%,,,7/5/2022,0.397439844,,7/5/2022,10.0%
7/6/2022,38.9%,,,7/6/2022,0.397606366,,7/6/2022,10.0%
7/7/2022,35.8%,,,7/7/2022,0.400322622,,7/7/2022,10.0%
7/8/2022,31.1%,,,7/8/2022,0.399707731,,7/8/2022,10.0%
7/11/2022,36.2%,,,7/11/2022,0.398235864,,7/11/2022,10.0%
7/12/2022,41.0%,,,7/12/2022,0.400309235,,7/12/2022,10.0%
7/13/2022,46.7%,,,7/13/2022,0.400013715,,7/13/2022,10.0%
7/14/2022,51.4%,,,7/14/2022,0.400379226,,7/14/2022,10.0%
7/15/2022,51.4%,,,7/15/2022,0.400866253,,7/15/2022,10.0%
7/18/2022,51.4%,,,7/18/2022,0.40034948,,7/18/2022,10.0%
7/19/2022,51.4%,,,7/19/2022,0.401520814,,7/19/2022,10.0%
7/20/2022,51.4%,,,7/20/2022,0.401097965,,7/20/2022,10.0%
7/21/2022,51.5%,,,7/21/2022,0.400092792,,7/21/2022,10.0%
7/22/2022,51.5%,,,7/22/2022,0.400628378,,7/22/2022,10.0%
7/25/2022,51.6%,,,7/25/2022,0.404330432,,7/25/2022,10.0%
7/26/2022,51.6%,,,7/26/2022,0.40447153,,7/26/2022,10.0%
7/27/2022,51.6%,,,7/27/2022,0.403658531,,7/27/2022,10.0%
7/28/2022,51.6%,,,7/28/2022,0.401600526,,7/28/2022,10.0%
7/29/2022,51.6%,,,7/29/2022,0.401596149,,7/29/2022,10.0%
8/1/2022,51.5%,,,8/1/2022,0.402339906,,8/1/2022,10.0%
8/2/2022,51.5%,,,8/2/2022,0.402341177,,8/2/2022,10.0%
8/3/2022,51.5%,,,8/3/2022,0.403235708,,8/3/2022,10.0%
8/4/2022,51.6%,,,8/4/2022,0.40635849,,8/4/2022,10.0%
8/5/2022,51.6%,,,8/5/2022,0.407370727,,8/5/2022,10.0%
8/8/2022,51.6%,,,8/8/2022,0.407302462,,8/8/2022,10.0%
8/9/2022,51.6%,,,8/9/2022,0.407543879,,8/9/2022,10.0%
8/10/2022,51.6%,,,8/10/2022,0.407748875,,8/10/2022,10.0%
8/11/2022,51.6%,,,8/11/2022,0.410110795,,8/11/2022,10.0%
8/12/2022,51.6%,,,8/12/2022,0.410140653,,8/12/2022,10.0%
8/15/2022,51.6%,,,8/15/2022,0.410771328,,8/15/2022,10.0%
8/16/2022,51.6%,,,8/16/2022,0.408097506,,8/16/2022,10.0%
8/17/2022,51.5%,,,8/17/2022,0.407200821,,8/17/2022,10.0%
8/18/2022,51.6%,,,8/18/2022,0.409045525,,8/18/2022,10.0%
8/19/2022,51.6%,,,8/19/2022,0.409037508,,8/19/2022,10.0%
8/22/2022,51.6%,,,8/22/2022,0.409069024,,8/22/2022,10.0%
8/23/2022,51.5%,,,8/23/2022,0.408976045,,8/23/2022,10.0%
8/24/2022,51.5%,,,8/24/2022,0.409257018,,8/24/2022,10.0%
8/25/2022,51.5%,,,8/25/2022,0.409285993,,8/25/2022,10.0%
8/26/2022,51.5%,,,8/26/2022,0.408776939,,8/26/2022,10.0%
8/29/2022,51.5%,,,8/29/2022,0.408703044,,8/29/2022,10.0%
8/30/2022,51.5%,,,8/30/2022,0.411632169,,8/30/2022,10.0%
8/31/2022,51.5%,,,8/31/2022,0.411621545,,8/31/2022,10.0%
9/1/2022,51.6%,,,9/1/2022,0.413292308,,9/1/2022,10.0%
9/2/2022,51.6%,,,9/2/2022,0.413878487,,9/2/2022,10.0%
9/6/2022,51.6%,,,9/6/2022,0.413751679,,9/6/2022,10.0%
9/7/2022,51.5%,,,9/7/2022,0.413248515,,9/7/2022,10.0%
9/8/2022,51.5%,,,9/8/2022,0.413016116,,9/8/2022,10.0%
9/9/2022,51.5%,,,9/9/2022,0.413636671,,9/9/2022,10.0%
9/12/2022,51.3%,,,9/12/2022,0.413936394,,9/12/2022,10.0%
9/13/2022,50.7%,,,9/13/2022,0.414332989,,9/13/2022,10.0%
9/14/2022,49.4%,,,9/14/2022,0.415433853,,9/14/2022,10.0%
9/15/2022,49.4%,,,9/15/2022,0.416580998,,9/15/2022,10.0%
9/16/2022,49.6%,,,9/16/2022,0.416797874,,9/16/2022,10.0%
9/19/2022,50.0%,,,9/19/2022,0.416699877,,9/19/2022,10.0%
9/20/2022,50.5%,,,9/20/2022,0.414075928,,9/20/2022,10.0%
9/21/2022,51.2%,,,9/21/2022,0.414570742,,9/21/2022,10.0%
9/22/2022,51.2%,,,9/22/2022,0.41387899,,9/22/2022,10.0%
9/23/2022,51.6%,,,9/23/2022,0.420620189,,9/23/2022,10.0%
9/26/2022,48.5%,,,9/26/2022,0.421942639,,9/26/2022,10.0%
9/27/2022,51.7%,,,9/27/2022,0.41998685,,9/27/2022,10.0%
9/28/2022,51.8%,,,9/28/2022,0.424015975,,9/28/2022,10.0%
9/29/2022,51.8%,,,9/29/2022,0.42403435,,9/29/2022,10.0%
9/30/2022,51.7%,,,9/30/2022,0.423957302,,9/30/2022,10.0%
10/3/2022,51.9%,,,10/3/2022,0.428074598,,10/3/2022,10.0%
10/4/2022,52.0%,,,10/4/2022,0.430261269,,10/4/2022,10.0%
10/5/2022,52.0%,,,10/5/2022,0.430532613,,10/5/2022,10.0%
10/6/2022,51.9%,,,10/6/2022,0.430178718,,10/6/2022,10.0%
10/7/2022,52.0%,,,10/7/2022,0.429934408,,10/7/2022,10.0%
10/10/2022,52.0%,,,10/10/2022,0.429752659,,10/10/2022,10.0%
10/11/2022,52.0%,,,10/11/2022,0.430094829,,10/11/2022,10.0%
10/12/2022,52.0%,,,10/12/2022,0.430269595,,10/12/2022,10.0%
10/13/2022,48.7%,,,10/13/2022,0.431629288,,10/13/2022,10.0%
10/14/2022,41.6%,,,10/14/2022,0.434425451,,10/14/2022,10.0%
10/17/2022,40.7%,,,10/17/2022,0.434827211,,10/17/2022,10.0%
10/18/2022,44.2%,,,10/18/2022,0.434798811,,10/18/2022,10.0%
10/19/2022,43.3%,,,10/19/2022,0.435074221,,10/19/2022,10.0%
10/20/2022,44.8%,,,10/20/2022,0.434788385,,10/20/2022,10.0%
10/21/2022,42.8%,,,10/21/2022,0.434633717,,10/21/2022,10.0%
10/24/2022,42.8%,,,10/24/2022,0.434414682,,10/24/2022,10.0%
10/25/2022,45.8%,,,10/25/2022,0.433611148,,10/25/2022,10.0%
10/26/2022,50.4%,,,10/26/2022,0.433681124,,10/26/2022,10.0%
10/27/2022,48.1%,,,10/27/2022,0.431895462,,10/27/2022,10.0%
10/28/2022,49.5%,,,10/28/2022,0.43196259,,10/28/2022,10.0%
10/31/2022,48.4%,,,10/31/2022,0.431757609,,10/31/2022,10.0%
11/1/2022,46.2%,,,11/1/2022,0.431273509,,11/1/2022,10.0%
11/2/2022,48.3%,,,11/2/2022,0.432180582,,11/2/2022,10.0%
11/3/2022,49.9%,,,11/3/2022,0.432444673,,11/3/2022,10.0%
11/4/2022,48.9%,,,11/4/2022,0.432496099,,11/4/2022,10.0%
11/7/2022,46.7%,,,11/7/2022,0.432736198,,11/7/2022,10.0%
11/8/2022,42.4%,,,11/8/2022,0.432648791,,11/8/2022,10.0%
11/9/2022,45.8%,,,11/9/2022,0.436376763,,11/9/2022,10.0%
11/10/2022,48.2%,,,11/10/2022,0.435178793,,11/10/2022,10.0%
11/11/2022,45.2%,,,11/11/2022,0.435421638,,11/11/2022,10.0%
11/14/2022,50.9%,,,11/14/2022,0.435440651,,11/14/2022,10.0%
11/15/2022,44.0%,,,11/15/2022,0.435736151,,11/15/2022,10.0%
11/16/2022,50.0%,,,11/16/2022,0.436696758,,11/16/2022,10.0%
11/17/2022,44.5%,,,11/17/2022,0.435504468,,11/17/2022,10.0%
11/18/2022,43.0%,,,11/18/2022,0.435671604,,11/18/2022,10.0%
11/21/2022,38.3%,,,11/21/2022,0.433345393,,11/21/2022,10.0%
11/22/2022,36.1%,,,11/22/2022,0.434770295,,11/22/2022,10.0%
11/23/2022,35.5%,,,11/23/2022,0.4333203,,11/23/2022,10.0%
11/25/2022,35.8%,,,11/25/2022,0.433830215,,11/25/2022,10.0%
11/28/2022,37.5%,,,11/28/2022,0.42959283,,11/28/2022,10.0%
11/29/2022,39.2%,,,11/29/2022,0.429544573,,11/29/2022,10.0%
11/30/2022,36.7%,,,11/30/2022,0.428628265,,11/30/2022,10.0%
12/1/2022,39.2%,,,12/1/2022,0.426717931,,12/1/2022,10.0%
12/2/2022,39.2%,,,12/2/2022,0.425809393,,12/2/2022,10.0%
12/5/2022,39.2%,,,12/5/2022,0.425688448,,12/5/2022,10.0%
12/6/2022,39.2%,,,12/6/2022,0.425063075,,12/6/2022,10.0%
12/7/2022,39.3%,,,12/7/2022,0.425281125,,12/7/2022,10.0%
12/8/2022,39.3%,,,12/8/2022,0.425325869,,12/8/2022,10.0%
12/9/2022,39.3%,,,12/9/2022,0.425961242,,12/9/2022,10.0%
12/12/2022,39.4%,,,12/12/2022,0.427890473,,12/12/2022,10.0%
12/13/2022,38.3%,,,12/13/2022,0.425689174,,12/13/2022,10.0%
12/14/2022,39.4%,,,12/14/2022,0.426703923,,12/14/2022,10.0%
12/15/2022,39.4%,,,12/15/2022,0.427006811,,12/15/2022,10.0%
12/16/2022,39.4%,,,12/16/2022,0.426957073,,12/16/2022,10.0%
12/19/2022,38.2%,,,12/19/2022,0.428053918,,12/19/2022,10.0%
12/20/2022,39.5%,,,12/20/2022,0.427475592,,12/20/2022,10.0%
12/21/2022,39.5%,,,12/21/2022,0.425042449,,12/21/2022,10.0%
12/22/2022,38.6%,,,12/22/2022,0.425064432,,12/22/2022,10.0%
12/23/2022,37.2%,,,12/23/2022,0.425040408,,12/23/2022,10.0%
12/27/2022,39.5%,,,12/27/2022,0.423634387,,12/27/2022,10.0%
12/28/2022,39.5%,,,12/28/2022,0.4243632,,12/28/2022,10.0%
12/29/2022,39.6%,,,12/29/2022,0.425757507,,12/29/2022,10.0%
12/30/2022,39.6%,,,12/30/2022,0.425296531,,12/30/2022,10.0%
1/3/2023,39.5%,,,1/3/2023,0.425640413,,1/3/2023,10.0%
1/4/2023,39.5%,,,1/4/2023,0.423637852,,1/4/2023,10.0%
1/5/2023,39.8%,,,1/5/2023,0.42904443,,1/5/2023,10.0%
1/6/2023,39.9%,,,1/6/2023,0.430685157,,1/6/2023,10.0%
1/9/2023,39.9%,,,1/9/2023,0.431778478,,1/9/2023,10.0%
1/10/2023,39.9%,,,1/10/2023,0.43274404,,1/10/2023,10.0%
1/11/2023,40.0%,,,1/11/2023,0.434590584,,1/11/2023,10.0%
1/12/2023,40.0%,,,1/12/2023,0.433748926,,1/12/2023,10.0%
1/13/2023,40.0%,,,1/13/2023,0.433646533,,1/13/2023,10.0%
1/17/2023,40.2%,,,1/17/2023,0.438304238,,1/17/2023,10.0%
1/18/2023,40.2%,,,1/18/2023,0.437217124,,1/18/2023,10.0%
1/19/2023,40.2%,,,1/19/2023,0.437141906,,1/19/2023,10.0%
1/20/2023,40.2%,,,1/20/2023,0.437039594,,1/20/2023,10.0%
1/23/2023,40.2%,,,1/23/2023,0.43644283,,1/23/2023,10.0%
1/24/2023,40.2%,,,1/24/2023,0.434999922,,1/24/2023,10.0%
1/25/2023,40.2%,,,1/25/2023,0.435032993,,1/25/2023,10.0%
1/26/2023,40.2%,,,1/26/2023,0.433560587,,1/26/2023,10.0%
1/27/2023,40.2%,,,1/27/2023,0.433347183,,1/27/2023,10.0%
1/30/2023,40.3%,,,1/30/2023,0.434340989,,1/30/2023,10.0%
1/31/2023,40.3%,,,1/31/2023,0.43452415,,1/31/2023,10.0%
2/1/2023,40.4%,,,2/1/2023,0.438346666,,2/1/2023,10.0%
2/2/2023,40.4%,,,2/2/2023,0.436620047,,2/2/2023,10.0%
2/3/2023,40.5%,,,2/3/2023,0.43932644,,2/3/2023,10.0%
2/6/2023,40.5%,,,2/6/2023,0.439972173,,2/6/2023,10.0%
2/7/2023,40.6%,,,2/7/2023,0.444163089,,2/7/2023,10.0%
2/8/2023,40.7%,,,2/8/2023,0.446340311,,2/8/2023,10.0%
2/9/2023,38.2%,,,2/9/2023,0.444980695,,2/9/2023,10.0%
2/10/2023,39.3%,,,2/10/2023,0.444732407,,2/10/2023,10.0%
2/13/2023,40.7%,,,2/13/2023,0.444743501,,2/13/2023,10.0%
2/14/2023,41.0%,,,2/14/2023,0.449854923,,2/14/2023,10.0%
2/15/2023,41.3%,,,2/15/2023,0.458959882,,2/15/2023,10.0%
2/16/2023,41.4%,,,2/16/2023,0.459511034,,2/16/2023,10.0%
2/17/2023,41.3%,,,2/17/2023,0.459484704,,2/17/2023,10.0%
2/21/2023,41.3%,,,2/21/2023,0.460241202,,2/21/2023,10.0%
2/22/2023,41.3%,,,2/22/2023,0.460673478,,2/22/2023,10.0%
2/23/2023,41.3%,,,2/23/2023,0.460101942,,2/23/2023,10.0%
2/24/2023,41.3%,,,2/24/2023,0.460021475,,2/24/2023,10.0%
2/27/2023,41.2%,,,2/27/2023,0.461257093,,2/27/2023,10.0%
2/28/2023,41.2%,,,2/28/2023,0.461252922,,2/28/2023,10.0%
3/1/2023,41.1%,,,3/1/2023,0.459565384,,3/1/2023,10.0%
3/2/2023,41.1%,,,3/2/2023,0.459518894,,3/2/2023,10.0%
3/3/2023,41.1%,,,3/3/2023,0.45939637,,3/3/2023,10.0%
3/6/2023,41.2%,,,3/6/2023,0.461237154,,3/6/2023,10.0%
3/7/2023,41.2%,,,3/7/2023,0.459530543,,3/7/2023,10.0%
3/8/2023,41.1%,,,3/8/2023,0.46008222,,3/8/2023,10.1%
3/9/2023,41.1%,,,3/9/2023,0.46005383,,3/9/2023,10.1%
3/10/2023,41.0%,,,3/10/2023,0.457925153,,3/10/2023,10.1%
3/13/2023,40.7%,,,3/13/2023,0.457938919,,3/13/2023,10.1%
3/14/2023,40.7%,,,3/14/2023,0.458228367,,3/14/2023,10.0%
3/15/2023,40.3%,,,3/15/2023,0.457004105,,3/15/2023,10.0%
3/16/2023,40.3%,,,3/16/2023,0.45778159,,3/16/2023,10.0%
3/17/2023,40.1%,,,3/17/2023,0.458749247,,3/17/2023,10.0%
3/20/2023,40.2%,,,3/20/2023,0.457268592,,3/20/2023,10.0%
3/21/2023,40.2%,,,3/21/2023,0.457889301,,3/21/2023,10.0%
3/22/2023,40.2%,,,3/22/2023,0.456259514,,3/22/2023,10.0%
3/23/2023,40.0%,,,3/23/2023,0.456169684,,3/23/2023,10.0%
3/24/2023,40.0%,,,3/24/2023,0.455651061,,3/24/2023,10.0%
3/27/2023,40.0%,,,3/27/2023,0.455802103,,3/27/2023,10.0%
3/28/2023,39.9%,,,3/28/2023,0.455732811,,3/28/2023,10.1%
3/29/2023,39.9%,,,3/29/2023,0.455542644,,3/29/2023,10.1%
3/30/2023,39.9%,,,3/30/2023,0.455649848,,3/30/2023,10.1%
3/31/2023,39.8%,,,3/31/2023,0.455940077,,3/31/2023,10.1%
4/3/2023,39.7%,,,4/3/2023,0.455808062,,4/3/2023,10.1%
4/4/2023,39.7%,,,4/4/2023,0.456231315,,4/4/2023,10.1%
4/5/2023,39.8%,,,4/5/2023,0.456931942,,4/5/2023,10.1%
4/6/2023,39.8%,,,4/6/2023,0.456440839,,4/6/2023,10.1%
4/10/2023,39.8%,,,4/10/2023,0.458069139,,4/10/2023,10.1%
4/11/2023,39.8%,,,4/11/2023,0.458005243,,4/11/2023,10.1%
4/12/2023,39.8%,,,4/12/2023,0.45696326,,4/12/2023,10.1%
4/13/2023,39.8%,,,4/13/2023,0.456164668,,4/13/2023,10.1%
4/14/2023,39.7%,,,4/14/2023,0.456028255,,4/14/2023,10.1%
4/17/2023,39.7%,,,4/17/2023,0.45514864,,4/17/2023,10.1%
4/18/2023,39.6%,,,4/18/2023,0.455221316,,4/18/2023,10.1%
4/19/2023,39.6%,,,4/19/2023,0.454467727,,4/19/2023,10.1%
4/20/2023,39.6%,,,4/20/2023,0.454262054,,4/20/2023,10.2%
4/21/2023,39.6%,,,4/21/2023,0.454206891,,4/21/2023,10.2%
4/24/2023,39.6%,,,4/24/2023,0.452364629,,4/24/2023,10.2%
4/25/2023,39.6%,,,4/25/2023,0.451994058,,4/25/2023,10.2%
4/26/2023,39.6%,,,4/26/2023,0.451711916,,4/26/2023,10.2%
4/27/2023,31.3%,,,4/27/2023,0.451636297,,4/27/2023,10.2%
4/28/2023,37.6%,,,4/28/2023,0.452820968,,4/28/2023,10.1%
5/1/2023,32.3%,,,5/1/2023,0.45166722,,5/1/2023,10.1%
5/2/2023,33.5%,,,5/2/2023,0.451206774,,5/2/2023,10.1%
5/3/2023,37.6%,,,5/3/2023,0.451170797,,5/3/2023,10.1%
5/4/2023,38.3%,,,5/4/2023,0.448327117,,5/4/2023,10.1%
5/5/2023,35.6%,,,5/5/2023,0.447112824,,5/5/2023,10.1%
5/8/2023,35.6%,,,5/8/2023,0.448297918,,5/8/2023,10.1%
5/9/2023,32.9%,,,5/9/2023,0.447730995,,5/9/2023,10.1%
5/10/2023,39.6%,,,5/10/2023,0.435907602,,5/10/2023,10.1%
5/11/2023,39.0%,,,5/11/2023,0.441519042,,5/11/2023,10.2%
5/12/2023,35.3%,,,5/12/2023,0.442548451,,5/12/2023,10.2%
5/15/2023,40.3%,,,5/15/2023,0.450135064,,5/15/2023,10.1%
5/16/2023,40.3%,,,5/16/2023,0.448472703,,5/16/2023,10.2%
5/17/2023,40.3%,,,5/17/2023,0.447737054,,5/17/2023,10.2%
5/18/2023,36.9%,,,5/18/2023,0.449007359,,5/18/2023,10.2%
5/19/2023,37.0%,,,5/19/2023,0.447332744,,5/19/2023,10.1%
5/22/2023,40.3%,,,5/22/2023,0.447402818,,5/22/2023,10.1%
5/23/2023,38.2%,,,5/23/2023,0.447389903,,5/23/2023,10.1%
5/24/2023,35.3%,,,5/24/2023,0.446154098,,5/24/2023,10.1%
5/25/2023,38.9%,,,5/25/2023,0.446155051,,5/25/2023,10.1%
5/26/2023,40.3%,,,5/26/2023,0.445125205,,5/26/2023,10.1%
5/30/2023,40.5%,,,5/30/2023,0.448129687,,5/30/2023,10.1%
5/31/2023,40.5%,,,5/31/2023,0.447405261,,5/31/2023,10.1%
6/1/2023,40.5%,,,6/1/2023,0.44750645,,6/1/2023,10.1%
6/2/2023,40.5%,,,6/2/2023,0.447610346,,6/2/2023,10.1%
6/5/2023,40.5%,,,6/5/2023,0.448471677,,6/5/2023,10.1%
6/6/2023,40.5%,,,6/6/2023,0.448163994,,6/6/2023,10.1%
6/7/2023,40.6%,,,6/7/2023,0.450650669,,6/7/2023,10.1%
6/8/2023,40.6%,,,6/8/2023,0.448840361,,6/8/2023,10.1%
6/9/2023,40.6%,,,6/9/2023,0.448951005,,6/9/2023,10.1%
6/12/2023,34.9%,,,6/12/2023,0.449195835,,6/12/2023,10.1%
6/13/2023,35.2%,,,6/13/2023,0.449524435,,6/13/2023,10.1%
6/14/2023,35.3%,,,6/14/2023,0.445318935,,6/14/2023,10.1%
6/15/2023,32.9%,,,6/15/2023,0.445796429,,6/15/2023,10.1%
6/16/2023,32.5%,,,6/16/2023,0.445351425,,6/16/2023,10.1%
6/20/2023,29.0%,,,6/20/2023,0.44122901,,6/20/2023,10.1%
6/21/2023,30.2%,,,6/21/2023,0.437420624,,6/21/2023,10.1%
6/22/2023,27.7%,,,6/22/2023,0.436966827,,6/22/2023,10.1%
6/23/2023,25.9%,,,6/23/2023,0.435183309,,6/23/2023,10.1%
6/26/2023,26.0%,,,6/26/2023,0.434243655,,6/26/2023,10.1%
6/27/2023,27.7%,,,6/27/2023,0.434542855,,6/27/2023,10.1%
6/28/2023,28.5%,,,6/28/2023,0.434551197,,6/28/2023,10.1%
6/29/2023,26.5%,,,6/29/2023,0.434313792,,6/29/2023,10.1%
6/30/2023,27.8%,,,6/30/2023,0.432280241,,6/30/2023,10.1%
7/3/2023,34.0%,,,7/3/2023,0.430913068,,7/3/2023,10.1%
7/5/2023,35.8%,,,7/5/2023,0.430864232,,7/5/2023,10.1%
7/6/2023,38.2%,,,7/6/2023,0.425838574,,7/6/2023,10.1%
7/7/2023,40.6%,,,7/7/2023,0.425494143,,7/7/2023,10.1%
7/10/2023,40.6%,,,7/10/2023,0.4235679,,7/10/2023,10.1%
7/11/2023,40.6%,,,7/11/2023,0.423526858,,7/11/2023,10.0%
7/12/2023,37.1%,,,7/12/2023,0.423472003,,7/12/2023,10.0%
7/13/2023,37.8%,,,7/13/2023,0.42156123,,7/13/2023,10.0%
7/14/2023,38.9%,,,7/14/2023,0.421604345,,7/14/2023,10.0%
7/17/2023,35.4%,,,7/17/2023,0.421306777,,7/17/2023,10.0%
7/18/2023,36.5%,,,7/18/2023,0.424614891,,7/18/2023,10.1%
7/19/2023,40.8%,,,7/19/2023,0.425256912,,7/19/2023,10.1%
7/20/2023,40.8%,,,7/20/2023,0.423485207,,7/20/2023,10.1%
7/21/2023,40.8%,,,7/21/2023,0.422839721,,7/21/2023,10.1%
7/24/2023,40.8%,,,7/24/2023,0.421937471,,7/24/2023,10.1%
7/25/2023,40.8%,,,7/25/2023,0.421601409,,7/25/2023,10.0%
7/26/2023,40.9%,,,7/26/2023,0.418522596,,7/26/2023,10.0%
7/27/2023,40.9%,,,7/27/2023,0.418808496,,7/27/2023,10.1%
7/28/2023,40.9%,,,7/28/2023,0.418215637,,7/28/2023,10.1%
7/31/2023,40.9%,,,7/31/2023,0.418423849,,7/31/2023,10.1%
8/1/2023,40.8%,,,8/1/2023,0.417547581,,8/1/2023,10.1%
8/2/2023,40.8%,,,8/2/2023,0.417114994,,8/2/2023,10.1%
8/3/2023,40.8%,,,8/3/2023,0.417134883,,8/3/2023,10.1%
8/4/2023,40.9%,,,8/4/2023,0.41652259,,8/4/2023,10.1%
8/7/2023,40.8%,,,8/7/2023,0.413658251,,8/7/2023,10.1%
8/8/2023,40.7%,,,8/8/2023,0.41276072,,8/8/2023,10.1%
8/9/2023,40.8%,,,8/9/2023,0.413791575,,8/9/2023,10.1%
8/10/2023,40.8%,,,8/10/2023,0.414746258,,8/10/2023,10.1%
8/11/2023,40.8%,,,8/11/2023,0.416282994,,8/11/2023,10.1%
8/14/2023,40.8%,,,8/14/2023,0.413803674,,8/14/2023,10.1%
8/15/2023,40.8%,,,8/15/2023,0.413927843,,8/15/2023,10.1%
8/16/2023,40.8%,,,8/16/2023,0.413218769,,8/16/2023,10.1%
8/17/2023,40.8%,,,8/17/2023,0.413294659,,8/17/2023,10.1%
8/18/2023,40.8%,,,8/18/2023,0.413911736,,8/18/2023,10.1%
8/21/2023,40.8%,,,8/21/2023,0.413660631,,8/21/2023,10.1%
8/22/2023,40.8%,,,8/22/2023,0.413688852,,8/22/2023,10.1%
8/23/2023,40.8%,,,8/23/2023,0.414315864,,8/23/2023,10.1%
8/24/2023,40.8%,,,8/24/2023,0.414817194,,8/24/2023,10.1%
8/25/2023,40.8%,,,8/25/2023,0.414576081,,8/25/2023,10.1%
8/28/2023,40.9%,,,8/28/2023,0.415416957,,8/28/2023,10.1%
8/29/2023,40.9%,,,8/29/2023,0.415344559,,8/29/2023,10.1%
8/30/2023,40.9%,,,8/30/2023,0.415025971,,8/30/2023,10.1%
8/31/2023,40.8%,,,8/31/2023,0.412299909,,8/31/2023,10.1%
9/1/2023,40.8%,,,9/1/2023,0.412627914,,9/1/2023,10.1%
9/5/2023,40.9%,,,9/5/2023,0.410927417,,9/5/2023,10.1%
9/6/2023,37.8%,,,9/6/2023,0.410243561,,9/6/2023,10.1%
9/7/2023,40.0%,,,9/7/2023,0.410549411,,9/7/2023,10.1%
9/8/2023,36.7%,,,9/8/2023,0.410083957,,9/8/2023,10.1%
9/11/2023,38.0%,,,9/11/2023,0.410652924,,9/11/2023,10.1%
9/12/2023,31.4%,,,9/12/2023,0.40992237,,9/12/2023,10.1%
9/13/2023,36.7%,,,9/13/2023,0.409947836,,9/13/2023,10.1%
9/14/2023,30.0%,,,9/14/2023,0.409383351,,9/14/2023,10.1%
9/15/2023,29.4%,,,9/15/2023,0.408600219,,9/15/2023,10.1%
9/18/2023,30.8%,,,9/18/2023,0.407801492,,9/18/2023,10.1%
9/19/2023,40.9%,,,9/19/2023,0.407045453,,9/19/2023,10.1%
9/20/2023,40.9%,,,9/20/2023,0.407139308,,9/20/2023,10.1%
9/21/2023,40.9%,,,9/21/2023,0.40818837,,9/21/2023,10.1%
9/22/2023,40.9%,,,9/22/2023,0.407704918,,9/22/2023,10.1%
9/25/2023,40.0%,,,9/25/2023,0.408857688,,9/25/2023,10.1%
9/26/2023,39.1%,,,9/26/2023,0.401129369,,9/26/2023,10.1%
9/27/2023,38.3%,,,9/27/2023,0.399834235,,9/27/2023,10.1%
9/28/2023,40.9%,,,9/28/2023,0.399365638,,9/28/2023,10.1%
9/29/2023,40.9%,,,9/29/2023,0.395145921,,9/29/2023,10.1%
10/2/2023,40.9%,,,10/2/2023,0.395460512,,10/2/2023,10.1%
10/3/2023,34.8%,,,10/3/2023,0.395511799,,10/3/2023,10.1%
10/4/2023,39.6%,,,10/4/2023,0.390815741,,10/4/2023,10.1%
10/5/2023,36.8%,,,10/5/2023,0.387307685,,10/5/2023,10.1%
10/6/2023,33.8%,,,10/6/2023,0.38710785,,10/6/2023,10.1%
10/9/2023,35.0%,,,10/9/2023,0.387960182,,10/9/2023,10.1%
10/10/2023,39.3%,,,10/10/2023,0.388185418,,10/10/2023,10.1%
10/11/2023,40.4%,,,10/11/2023,0.387507151,,10/11/2023,10.1%
10/12/2023,39.2%,,,10/12/2023,0.387184312,,10/12/2023,10.1%
10/13/2023,39.8%,,,10/13/2023,0.387724478,,10/13/2023,10.1%
10/16/2023,45.9%,,,10/16/2023,0.386263729,,10/16/2023,10.0%
10/17/2023,35.6%,,,10/17/2023,0.383122824,,10/17/2023,10.0%
10/18/2023,34.2%,,,10/18/2023,0.38367227,,10/18/2023,10.0%
10/19/2023,34.2%,,,10/19/2023,0.383767038,,10/19/2023,10.0%
10/20/2023,35.1%,,,10/20/2023,0.383738469,,10/20/2023,10.0%
10/23/2023,34.3%,,,10/23/2023,0.383721685,,10/23/2023,10.1%
10/24/2023,34.2%,,,10/24/2023,0.383337399,,10/24/2023,10.0%
10/25/2023,32.7%,,,10/25/2023,0.385348572,,10/25/2023,10.1%
10/26/2023,34.3%,,,10/26/2023,0.385458833,,10/26/2023,10.1%
10/27/2023,33.0%,,,10/27/2023,0.385363148,,10/27/2023,10.1%
10/30/2023,28.7%,,,10/30/2023,0.385308017,,10/30/2023,10.1%
10/31/2023,34.2%,,,10/31/2023,0.385284678,,10/31/2023,10.1%
11/1/2023,42.2%,,,11/1/2023,0.385726064,,11/1/2023,10.1%
11/2/2023,48.0%,,,11/2/2023,0.386369764,,11/2/2023,10.0%
11/3/2023,48.0%,,,11/3/2023,0.385984314,,11/3/2023,10.0%
11/6/2023,47.7%,,,11/6/2023,0.38551507,,11/6/2023,10.1%
11/7/2023,47.7%,,,11/7/2023,0.385769398,,11/7/2023,10.1%
11/8/2023,47.7%,,,11/8/2023,0.384920553,,11/8/2023,10.1%
11/9/2023,47.6%,,,11/9/2023,0.385234094,,11/9/2023,10.1%
11/10/2023,47.6%,,,11/10/2023,0.383557207,,11/10/2023,10.1%
11/13/2023,47.6%,,,11/13/2023,0.382538981,,11/13/2023,10.1%
11/14/2023,47.6%,,,11/14/2023,0.38420142,,11/14/2023,10.1%
11/15/2023,47.6%,,,11/15/2023,0.384158509,,11/15/2023,10.1%
11/16/2023,47.6%,,,11/16/2023,0.383696759,,11/16/2023,10.1%
11/17/2023,47.6%,,,11/17/2023,0.382645619,,11/17/2023,10.1%
11/20/2023,47.6%,,,11/20/2023,0.383218118,,11/20/2023,10.1%
11/21/2023,47.6%,,,11/21/2023,0.38331681,,11/21/2023,10.1%
11/22/2023,47.6%,,,11/22/2023,0.383123607,,11/22/2023,10.1%
11/24/2023,47.6%,,,11/24/2023,0.381055056,,11/24/2023,10.1%
11/27/2023,47.6%,,,11/27/2023,0.380952494,,11/27/2023,10.1%
11/28/2023,47.6%,,,11/28/2023,0.380204342,,11/28/2023,10.1%
11/29/2023,47.6%,,,11/29/2023,0.380032432,,11/29/2023,10.1%
11/30/2023,47.6%,,,11/30/2023,0.379924732,,11/30/2023,10.1%
12/1/2023,45.2%,,,12/1/2023,0.37971582,,12/1/2023,10.1%
12/4/2023,46.9%,,,12/4/2023,0.380248982,,12/4/2023,10.1%
12/5/2023,44.3%,,,12/5/2023,0.379801509,,12/5/2023,10.1%
12/6/2023,47.6%,,,12/6/2023,0.379746953,,12/6/2023,10.0%
12/7/2023,47.6%,,,12/7/2023,0.380336619,,12/7/2023,10.1%
12/8/2023,47.6%,,,12/8/2023,0.378826592,,12/8/2023,10.0%
12/11/2023,47.5%,,,12/11/2023,0.379072628,,12/11/2023,10.0%
12/12/2023,47.5%,,,12/12/2023,0.378158576,,12/12/2023,10.0%
12/13/2023,45.2%,,,12/13/2023,0.376478307,,12/13/2023,10.0%
12/14/2023,47.5%,,,12/14/2023,0.376480869,,12/14/2023,10.0%
12/15/2023,47.5%,,,12/15/2023,0.375108525,,12/15/2023,10.0%
12/18/2023,47.5%,,,12/18/2023,0.374927377,,12/18/2023,10.0%
12/19/2023,47.5%,,,12/19/2023,0.37502188,,12/19/2023,10.0%
12/20/2023,47.6%,,,12/20/2023,0.374461942,,12/20/2023,10.0%
12/21/2023,47.6%,,,12/21/2023,0.375001311,,12/21/2023,10.1%
12/22/2023,47.6%,,,12/22/2023,0.375000797,,12/22/2023,10.0%
12/26/2023,47.6%,,,12/26/2023,0.375137703,,12/26/2023,10.0%
12/27/2023,47.6%,,,12/27/2023,0.375139427,,12/27/2023,10.0%
12/28/2023,47.6%,,,12/28/2023,0.375101447,,12/28/2023,10.0%
12/29/2023,47.6%,,,12/29/2023,0.374441597,,12/29/2023,10.0%
1/2/2024,47.6%,,,1/2/2024,0.374259467,,1/2/2024,10.1%
1/3/2024,47.6%,,,1/3/2024,0.374879144,,1/3/2024,10.1%
1/4/2024,47.6%,,,1/4/2024,0.374541302,,1/4/2024,10.1%
1/5/2024,47.6%,,,1/5/2024,0.374431947,,1/5/2024,10.1%
1/8/2024,47.6%,,,1/8/2024,0.367984964,,1/8/2024,10.1%
1/9/2024,47.5%,,,1/9/2024,0.364857749,,1/9/2024,10.1%
1/10/2024,47.5%,,,1/10/2024,0.362412308,,1/10/2024,10.1%
1/11/2024,47.5%,,,1/11/2024,0.361315368,,1/11/2024,10.1%
1/12/2024,47.5%,,,1/12/2024,0.35908153,,1/12/2024,10.1%
1/16/2024,47.5%,,,1/16/2024,0.357466438,,1/16/2024,10.1%
1/17/2024,47.5%,,,1/17/2024,0.35770466,,1/17/2024,10.1%
1/18/2024,47.5%,,,1/18/2024,0.352586829,,1/18/2024,10.1%
1/19/2024,47.5%,,,1/19/2024,0.354559489,,1/19/2024,10.1%
